-- phpMyAdmin SQL Dump
-- version 5.1.0
-- https://www.phpmyadmin.net/
--
-- Host: 127.0.0.1
-- Generation Time: Mar 21, 2021 at 10:09 PM
-- Server version: 10.4.18-MariaDB
-- PHP Version: 8.0.3

SET SQL_MODE = "NO_AUTO_VALUE_ON_ZERO";
START TRANSACTION;
SET time_zone = "+00:00";


/*!40101 SET @OLD_CHARACTER_SET_CLIENT=@@CHARACTER_SET_CLIENT */;
/*!40101 SET @OLD_CHARACTER_SET_RESULTS=@@CHARACTER_SET_RESULTS */;
/*!40101 SET @OLD_COLLATION_CONNECTION=@@COLLATION_CONNECTION */;
/*!40101 SET NAMES utf8mb4 */;

--
-- Database: `boutique`
--

-- --------------------------------------------------------

--
-- Table structure for table `category`
--

CREATE TABLE `category` (
  `id_ctg` varchar(100) NOT NULL,
  `name` varchar(50) NOT NULL
) ENGINE=InnoDB DEFAULT CHARSET=latin1;

--
-- Dumping data for table `category`
--

INSERT INTO `category` (`id_ctg`, `name`) VALUES
('abcat0208002', 'Alkaline Batteries'),
('abcat0208006', 'Specialty Batteries'),
('abcat0302037', 'Car Subwoofers'),
('abcat0701002', 'Xbox 360 Games'),
('abcat0706002', 'Wii Games'),
('abcat0811012', 'Cordless Phone Batteries'),
('pcmcat113100050015', 'Carfi Instore Only'),
('pcmcat151600050039', 'Midi Keyboards & Controllers'),
('pcmcat151600050042', 'Keyboard Accessories'),
('pcmcat152100050022', 'Audio Interfaces'),
('pcmcat152100050026', 'Sound Recording Software'),
('pcmcat152100050031', 'DJ Console Systems'),
('pcmcat152100050032', 'DJ Lighting & Effects'),
('pcmcat152100050033', 'DJ Equipment Accessories'),
('pcmcat152100050038', 'Microphones'),
('pcmcat152200050009', 'Speaker Monitors'),
('pcmcat157700050041', 'Other Musical Instrument Accessories'),
('pcmcat165900050032', 'Antennas & Adapters'),
('pcmcat165900050033', 'Dash Installation Kits'),
('pcmcat165900050034', 'Deck Harnesses'),
('pcmcat180400050000', 'DSLR Body & Lens'),
('pcmcat202800050013', 'Sheet Music'),
('pcmcat221400050014', 'Dynamic'),
('pcmcat240500050057', 'Action Camcorder Mounts'),
('pcmcat251600050000', 'Karaoke Machines'),
('pcmcat251600050005', 'Recording & Music Stands'),
('pcmcat274200050009', 'Puzzles'),
('pcmcat287400050019', 'More Pop Culture Merchandise'),
('pcmcat298100050010', 'In-Store Only'),
('pcmcat313400050000', 'Music Memorabilia'),
('pcmcat329700050017', 'Chest Mounts'),
('pcmcat329700050020', 'Handlebar/Seatpost Mounts');

-- --------------------------------------------------------

--
-- Table structure for table `client`
--

CREATE TABLE `client` (
  `pseudo` varchar(20) NOT NULL,
  `nom` varchar(20) NOT NULL,
  `prenom` varchar(20) NOT NULL,
  `email` varchar(50) NOT NULL,
  `password` varchar(32) NOT NULL,
  `ville` varchar(20) NOT NULL,
  `code_postal` int(5) UNSIGNED NOT NULL,
  `adresse` varchar(100) NOT NULL
) ENGINE=InnoDB DEFAULT CHARSET=latin1;

--
-- Dumping data for table `client`
--

INSERT INTO `client` (`pseudo`, `nom`, `prenom`, `email`, `password`, `ville`, `code_postal`, `adresse`) VALUES
('d', 'EL OUAFI', 'Khadija', 'jassmine135@gmail.com', 'AE149', 'Oulad ayad fqih ben ', 49667, 'Laymoune 36 appt 4 résidence med 6 laayayada'),
('dija', 'EL OUAFI', 'Khadija', 'jassmine135@gmail.com', '49667', 'Oulad ayad fqih ben ', 49667, 'Laymoune 36 appt 4 résidence med 6 laayayada'),
('dijaa', 'EL OUAFI', 'Khadija', 'jassmine135@gmail.com', '19667', 'Oulad ayad fqih ben ', 19667, 'Laymoune 36 appt 4 résidence med 6 laayayada'),
('tt', 'EL OUAFI', 'Khadija', 'jassmine135@gmail.com', 'AE14', 'Oulad ayad fqih ben ', 49667, 'Laymoune 36 appt 4 résidence med 6 laayayada'),
('uiytt', 'EL OUAFI', 'Khadija', 'jassmine135@gmail.com', 'poiu', 'Oulad ayad fqih ben ', 49667, 'Laymoune 36 appt 4 résidence med 6 laayayada'),
('uiyttpp', 'EL OUAFI', 'Khadija', 'jassmine135@gmail.com', 'ooiiu', 'Oulad ayad fqih ben ', 49667, 'Laymoune 36 appt 4 résidence med 6 laayayada'),
('uuy', 'EL OUAFI', 'Khadija', 'jassmine135@gmail.com', 'AE14', 'Oulad ayad fqih ben ', 49667, 'Laymoune 36 appt 4 résidence med 6 laayayada');

-- --------------------------------------------------------

--
-- Table structure for table `products`
--

CREATE TABLE `products` (
  `ref` int(255) NOT NULL,
  `name` varchar(50) NOT NULL,
  `type` varchar(50) NOT NULL,
  `price` decimal(10,0) NOT NULL,
  `shipping` decimal(10,0) NOT NULL,
  `descreption` varchar(500) NOT NULL,
  `manufac` varchar(500) NOT NULL,
  `imgLnk` varchar(2000) NOT NULL
) ENGINE=InnoDB DEFAULT CHARSET=latin1;

--
-- Dumping data for table `products`
--

INSERT INTO `products` (`ref`, `name`, `type`, `price`, `shipping`, `descreption`, `manufac`, `imgLnk`) VALUES
(43900, 'Duracell - AAA Batteries (4-Pack)', 'HardGood', '5', '5', 'Compatible with select electronic devices; AAA size; DURALOCK Power Preserve technology; 4-pack', 'Duracell', 'http://img.bbystatic.com/BestBuy_US/images/products/4390/43900_sa.jpg'),
(48530, 'Duracell - AA 1.5V CopperTop Batteries (4-Pack)', 'HardGood', '5', '5', 'Long-lasting energy; DURALOCK Power Preserve technology; for toys, clocks, radios, games, remotes, PDAs and more', 'Duracell', 'http://img.bbystatic.com/BestBuy_US/images/products/4853/48530_sa.jpg'),
(127687, 'Duracell - AA Batteries (8-Pack)', 'HardGood', '7', '5', 'Compatible with select electronic devices; AA size; DURALOCK Power Preserve technology; 8-pack', 'Duracell', 'http://img.bbystatic.com/BestBuy_US/images/products/1276/127687_sa.jpg'),
(150115, 'Energizer - MAX Batteries AA (4-Pack)', 'HardGood', '5', '5', '4-pack AA alkaline batteries; battery tester included', 'Energizer', 'http://img.bbystatic.com/BestBuy_US/images/products/1501/150115_sa.jpg'),
(185230, 'Duracell - C Batteries (4-Pack)', 'HardGood', '9', '5', 'Compatible with select electronic devices; C size; DURALOCK Power Preserve technology; 4-pack', 'Duracell', 'http://img.bbystatic.com/BestBuy_US/images/products/1852/185230_sa.jpg'),
(185267, 'Duracell - D Batteries (4-Pack)', 'HardGood', '10', '6', 'Compatible with select electronic devices; D size; DURALOCK Power Preserve technology; 4-pack', 'Duracell', 'http://img.bbystatic.com/BestBuy_US/images/products/1852/185267_sa.jpg'),
(312290, 'Duracell - 9V Batteries (2-Pack)', 'HardGood', '8', '5', 'Compatible with select electronic devices; alkaline chemistry; 9V size; DURALOCK Power Preserve technology; 2-pack', 'Duracell', 'http://img.bbystatic.com/BestBuy_US/images/products/3122/312290_sa.jpg'),
(324884, 'Directed Electronics - Viper Audio Glass Break Sen', 'HardGood', '40', '0', 'From our expanded online assortment; compatible with Directed Electronics alarm systems; microphone and microprocessor detect and analyze intrusions; detects quiet glass breaks', 'Directed Electronics', 'http://img.bbystatic.com/BestBuy_US/images/products/3248/324884_rc.jpg'),
(333179, 'Energizer - N Cell E90 Batteries (2-Pack)', 'HardGood', '6', '5', 'Alkaline batteries; 1.5V', 'Energizer', 'http://img.bbystatic.com/BestBuy_US/images/products/3331/333179_sa.jpg'),
(346575, 'Metra - Radio Installation Dash Kit for Most 1989-', 'HardGood', '17', '0', 'From our expanded online assortment; compatible with most 1989-2000 Ford, Lincoln and Mercury vehicles; snap-in TurboKit offers fast installation; spacer/trim ring; rear support bracket', 'Metra', 'http://img.bbystatic.com/BestBuy_US/images/products/3465/346575_rc.jpg'),
(346646, 'Metra - Radio Dash Multikit for Select GM Vehicles', 'HardGood', '17', '0', 'From our expanded online assortment; compatible with select GM vehicles; plastic material', 'Metra', 'http://img.bbystatic.com/BestBuy_US/images/products/3466/346646_rc.jpg'),
(347333, 'METRA - Antenna Cable Adapter - Black', 'HardGood', '14', '0', 'Compatible with select 1988-2005 vehicles; adapts an aftermarket antenna to OEM radios; flat plug', 'METRA', 'http://img.bbystatic.com/BestBuy_US/images/products/3473/347333_sa.jpg'),
(349572, 'INSTALL - PORTABLE RADAR DETECTOR INST', 'HardGood', '30', '0', 'PORTABLE RADAR DETECTOR INST', 'INSTALL', 'http://img.bbystatic.com/BestBuy_US/images/products/nonsku/default_hardlines_m.gif'),
(373642, 'Jensen - 3.6V NiCad Battery for 900MHz Phones', 'HardGood', '20', '5', 'Rechargeable 3.6V 300 mAh NiCad battery for GE 2-9614 model cordless phones', 'Jensen', 'http://img.bbystatic.com/BestBuy_US/images/products/3736/373642_rc.jpg'),
(478398, 'Metra - Radio Installation Dash Kit for Select For', 'HardGood', '17', '0', 'From our expanded online assortment; compatible with select Ford, Mazda and Mercury vehicles; allows the installation of an aftermarket radio into the factory dash location; high-grade ABS plastic material', 'Metra', 'http://img.bbystatic.com/BestBuy_US/images/products/4783/478398_rc.jpg'),
(612732, 'Metra - 1/4\" DIN Trim Ring for Most Vehicles', 'HardGood', '11', '0', 'Compatible with most vehicles; designed for the installation of an aftermarket radio', 'Metra', 'http://img.bbystatic.com/BestBuy_US/images/products/6127/612732_sa.jpg'),
(643600, 'Metra - Turbowire Radio Harness Adapter for Select', 'HardGood', '17', '0', 'Compatible with select Jeep vehicles; ABS and vinyl construction; colored-coded wires', 'Metra', 'http://img.bbystatic.com/BestBuy_US/images/products/6436/643600_rc.jpg'),
(643691, 'Metra - Speaker Connector for Select Mitsubishi an', 'HardGood', '20', '0', 'From our expanded online assortment; compatible with 1987 - 1993 Mitsubishi and Chrysler vehicles; color-coded wires', 'Metra', 'http://img.bbystatic.com/BestBuy_US/images/products/6436/643691_rc.jpg'),
(673890, 'Metra - Professional Installer Series TurboKit', 'HardGood', '17', '0', 'From our expanded online assortment; compatible with select Chevrolet, Geo and Suzuki vehicles; allows installation of an aftermarket radio; provision for a 1/4\" or 1/2\" DIN equalizer; mounts precisely to OEM radio mounting positions', 'Metra', 'http://img.bbystatic.com/BestBuy_US/images/products/9852/9852688_sa.jpg'),
(1002651, 'Polk Audio - 12\" Single-Voice-Coil 4-Ohm Subwoofer', 'HardGood', '100', '0', '720W peak power handling; Klippel-optimized driver components; polymer woofer cone; butyl rubber surround', 'Polk Audio', 'http://img.bbystatic.com/BestBuy_US/images/products/1002/1002651_sa.jpg'),
(1003003, 'Hard Rock TrackPak - Mac', 'Software', '30', '5', 'HAL LEONARD Hard Rock TrackPak: Features 12 hard rock and metal Apple Loops; compatible with GarageBand; includes guitars, bass, drums and synth parts', 'Hal Leonard', 'http://img.bbystatic.com/BestBuy_US/images/products/1003/1003003_sa.jpg'),
(1003012, 'Aquarius - Fender Playing Cards Gift Tin - Red/Bla', 'HardGood', '14', '5', 'AQUARIUS Fender Playing Cards Gift Tin: 2 decks; hinged gift tin; 52 different images per deck', 'Aquarius', 'http://img.bbystatic.com/BestBuy_US/images/products/1003/1003012_sa.jpg'),
(1003021, 'LoDuca Bros Inc - Deluxe Keyboard Bench - Black', 'HardGood', '80', '0', 'LODUCA BROS. INC. Deluxe Keyboard Bench: Metal base; 13\" x 24\" padded seat; cross brace for support; adjusts to 3 different heights; can fit up to 2 people; folding design', 'LoDuca Bros Inc', 'http://img.bbystatic.com/BestBuy_US/images/products/1003/1003021_sa.jpg'),
(1003049, 'Trumpet Multimedia - Trumpets That Work 2015 Calen', 'HardGood', '24', '5', 'TRUMPET MULTIMEDIA Trumpets That Work 2015 Calendar: 2015 calendar; Trumpets That Work design', 'Trumpet Multimedia', 'http://img.bbystatic.com/BestBuy_US/images/products/1003/1003049_sa.jpg'),
(1003067, 'Pro Tools Tier 1 Audio Plug-In for PC and Mac Acti', 'Software', '99', '0', 'AVID Pro Tools Tier 1 Audio Plug-In for PC and Mac Activation Card: Compatible with PC and Mac; redeemable for a (TL) Aggro, Bruno/Reso, Cosmonaut Voice, DINR, (TL) Drum Rehab, (TL) EveryPhase, Reel Tape Saturation or other Avid Tier 1-level plug-in', 'Avid', 'http://img.bbystatic.com/BestBuy_US/images/products/1003/1003067_sa.jpg'),
(1003076, 'M-Audio - BX8 D2 Studio Monitors (Pair) - Black', 'HardGood', '600', '0', 'M-AUDIO BX8 D2 Studio Monitors (Pair): Custom Class AB analog amplifiers; woven low-frequency driver; waveguide-loaded silk-dome tweeter; XLR and 1/4\" inputs', 'M-Audio', 'http://img.bbystatic.com/BestBuy_US/images/products/1003/1003076_sa.jpg'),
(1003085, 'Aquarius - Grateful Dead Skull Logo Chunky Magnet ', 'HardGood', '6', '5', 'AQUARIUS Grateful Dead Skull Logo Chunky Magnet: Features the iconic Grateful Dead skull logo; magnet; chunky design', 'Aquarius', 'http://img.bbystatic.com/BestBuy_US/images/products/1003/1003085_sa.jpg'),
(1003136, '1970s Rock TrackPak - Mac', 'Software', '30', '5', 'HAL LEONARD 1970s Rock TrackPak: Features 12 classic rock songs; compatible with GarageBand; includes loops for each instrument', 'Hal Leonard', 'http://img.bbystatic.com/BestBuy_US/images/products/1003/1003136_sa.jpg'),
(1003145, 'LoDuca Bros Inc - Professional Digital Photo Studi', 'HardGood', '50', '0', 'LODUCA BROS INC Professional Digital Photo Studio Kit: Lets you take professional-quality photos; includes 2 high-output tabletop lights, a 16\" cubed soft-lighting frame and an adjustable mini tabletop tripod; multicompartment, padded carrying case', 'LoDuca Bros Inc', 'http://img.bbystatic.com/BestBuy_US/images/products/1003/1003145_rc.jpg'),
(1003163, 'Groovy Shapes Volume 1 - Windows|Mac', 'Software', '70', '0', 'SIBELIUS Groovy Shapes Volume 1: Teaches the basics of sound, rhythm, pitch and composition; guides students through progressive exercises; lets students create original music; for ages 5 to 7 years', 'Sibelius', 'http://img.bbystatic.com/BestBuy_US/images/pac/products/1312/1312451498/1312451498_sa.jpg'),
(1003172, 'PreSonus - AudioBox iTwo Recording System - Blue/G', 'HardGood', '160', '0', 'PRESONUS AudioBox iTwo Recording System: Compatible with Apple iPad, Windows and Mac recording software; 2 combo microphone/line/instrument inputs; Class A microphone preamplifier; balanced TRS monitor output; MIDI I/O; 24-bit/96kHz converters', 'PreSonus', 'http://img.bbystatic.com/BestBuy_US/images/products/1003/1003172_sa.jpg'),
(1003214, 'PreSonus - AudioBox iOne Recording System - Blue/G', 'HardGood', '160', '0', 'PRESONUS AudioBox iOne Recording System: Compatible with Apple iPad, Windows and Mac recording software; instrument and microphone inputs; Class A microphone preamplifier; balanced TRS monitor output; 24-bit/96kHz converters', 'PreSonus', 'http://img.bbystatic.com/BestBuy_US/images/products/1003/1003214_sa.jpg'),
(1003232, 'Aquarius - Grateful Dead Bear Logo Chunky Magnet -', 'HardGood', '6', '5', 'AQUARIUS Grateful Dead Bear Logo Chunky Magnet: Tie-dyed Grateful Dead bear logo; chunky design', 'Aquarius', 'http://img.bbystatic.com/BestBuy_US/images/products/1003/1003232_sa.jpg'),
(1003269, 'Addictive Keys: Studio Collection - Mac|Windows', 'Software', '179', '0', 'XLN AUDIO Addictive Keys: Studio Collection: Ideal for music producers and musicians; features virtual keyboard instruments; compatible with newer major hosts and DAWs', 'XLN Audio', 'http://img.bbystatic.com/BestBuy_US/images/products/1003/1003269_sa.jpg'),
(1003278, 'Pro Tools Tier 2 Audio Plug-In for PC and Mac Acti', 'Software', '299', '0', 'AVID Pro Tools Tier 2 Audio Plug-In for PC and Mac Activation Card: Compatible with PC and Mac; redeemable for a Classic Compressors Bundle, Focusrite d2/d3, Impact, JOEMEEK Bundle, Moogerfooger Bundle or other Avid Tier 2-level plug-in', 'Avid', 'http://img.bbystatic.com/BestBuy_US/images/products/1003/1003278_sa.jpg'),
(1003287, 'Korg - nanoKey2 25-Key USB MIDI Controller - White', 'HardGood', '50', '0', 'KORG nanoKey2 25-Key USB MIDI Controller: USB MIDI connectivity; 25 velocity-sensitive keys; compatible with the Korg microKEY; PC and Mac compatible', 'Korg', 'http://img.bbystatic.com/BestBuy_US/images/products/1003/1003287_sa.jpg'),
(1003296, 'M-Audio - Nova Condenser Microphone - Silver', 'HardGood', '100', '0', 'M-AUDIO Nova Condenser Microphone: 1.1\" evaporated gold diaphragm; solid brass body and capsule; 20Hz - 18kHz frequency response; hard mount and soft case included', 'M-Audio', 'http://img.bbystatic.com/BestBuy_US/images/products/1003/1003296_sa.jpg'),
(1003319, 'IK Multimedia - iRig Stomp - Black', 'HardGood', '60', '0', 'IK MULTIMEDIA iRig Stomp: Compatible with select Apple iPhone, iPad and iPod touch models, Android and Mac computers; allows use inline with other effects pedals and more; active battery-powered output circuit', 'IK Multimedia', 'http://img.bbystatic.com/BestBuy_US/images/products/1003/1003319_sa.jpg'),
(1003328, 'IK Multimedia - iKlip Xpand Microphone Stand Mount', 'HardGood', '50', '0', 'IK MULTIMEDIA iKlip Xpand Microphone Stand Mount: Compatible with most tablets from 7\" to 12.1\"; adjustable holder with 4 expandable grips; 2 sure-grip rubber gripping points; rubber padded base; ball joint; smart bracket design; iKlip Stage app', 'IK Multimedia', 'http://img.bbystatic.com/BestBuy_US/images/products/1003/1003328_sa.jpg'),
(1003337, 'M-Audio - AM1 Cardioid Dynamic Microphone - Black/', 'HardGood', '30', '6', 'M-AUDIO AM1 Cardioid Dynamic Microphone: For amplifying and recording vocals and instruments; dynamic design; cardioid pickup pattern; steel mesh, foam-lined head grille; die-cast, zinc-alloy housing', 'M-Audio', 'http://img.bbystatic.com/BestBuy_US/images/products/1003/1003337_sa.jpg'),
(1003346, 'Elements Pack - Mac|Windows', 'Software', '175', '0', 'STEINBERG Elements Pack: Includes Cubase Elements 6 and WaveLab Elements 7 software; lets you produce music and edit audio on your Mac or PC', 'Steinberg', 'http://img.bbystatic.com/BestBuy_US/images/products/1003/1003346_sa.jpg'),
(1003364, 'IK Multimedia - iKlip Xpand Mini Microphone Stand ', 'HardGood', '40', '0', 'IK MULTIMEDIA iKlip Xpand Mini Microphone Stand Mount: Compatible with select Apple iPhone and iPod touch models and most smartphones with 3.5\" to 6\" screens; rubberized Gorilla Grip technology; adjustable clamp; ball joint', 'IK Multimedia', 'http://img.bbystatic.com/BestBuy_US/images/products/1003/1003364_rc.jpg'),
(1003373, 'Acoustic Rock TrackPak - Mac', 'Software', '30', '5', 'HAL LEONARD Acoustic Rock TrackPak: 12 acoustic Apple Loops; compatible with GarageBand; includes guitars, bass, drums and keyboard parts', 'Hal Leonard', 'http://img.bbystatic.com/BestBuy_US/images/products/1003/1003373_sa.jpg'),
(1003415, 'Aquarius - Elvis Heartthrob Chunky Magnet - Black/', 'HardGood', '6', '5', 'AQUARIUS Elvis Heartthrob Chunky Magnet: Features a black-and-white photo of Elvis Presley; chunky design', 'Aquarius', 'http://img.bbystatic.com/BestBuy_US/images/products/1003/1003415_sa.jpg'),
(1003424, 'Aquarius - Elvis Presley Jailhouse Rock 1,000-Piec', 'HardGood', '16', '6', 'AQUARIUS Elvis Presley Jailhouse Rock 1,000-Piece Jigsaw Puzzle: 1,000 pieces; features Elvis on the set of the iconic film; measures 12\" x 36\" when completed', 'Aquarius', 'http://img.bbystatic.com/BestBuy_US/images/products/1003/1003424_sa.jpg'),
(1003433, 'Pro Tools Tier 3 Audio Plug-In for PC and Mac Acti', 'Software', '499', '0', 'AVID Pro Tools Tier 3 Audio Plug-In for PC and Mac Activation Card: Compatible with PC and Mac; redeemable for an Eleven, ReVibe, (TL) Space (DSP + native) or X-Form Avid Tier 3-level plug-in', 'Avid', 'http://img.bbystatic.com/BestBuy_US/images/products/1003/1003433_sa.jpg'),
(1003451, 'Aquarius - Genesis Playing Cards - Yellow/Purple/B', 'HardGood', '6', '5', 'AQUARIUS Genesis Playing Cards: 2.5\" x 3.5\" playing cards; linen-type finish', 'Aquarius', 'http://img.bbystatic.com/BestBuy_US/images/products/1003/1003451_sa.jpg'),
(1003488, 'Korg - nanoKONTROL2 USB MIDI Controller - Black', 'HardGood', '60', '0', 'KORG nanoKONTROL2 USB MIDI Controller: 2 USB ports; compatible with Mac, PC, Apple iPad, Korg microKEY, most computer-based DAWs and most music production software', 'Korg', 'http://img.bbystatic.com/BestBuy_US/images/products/1003/1003488_sa.jpg'),
(1003531, 'Aquarius - Rush Playing Cards - Red/Black/White', 'HardGood', '6', '5', 'AQUARIUS Rush Playing Cards: 2.5\" x 3.5\" playing cards; linen-type finish', 'Aquarius', 'http://img.bbystatic.com/BestBuy_US/images/products/1003/1003531_sa.jpg'),
(1003622, 'Aquarius - Fender Stratocaster 1,000-Piece Jigsaw ', 'HardGood', '16', '6', 'AQUARIUS Fender Stratocaster 1,000-Piece Jigsaw Puzzle: 1,000 pieces; lets you show off your fandom for the guitar; measures 20\" x 27\" when completed', 'Aquarius', 'http://img.bbystatic.com/BestBuy_US/images/products/1003/1003622_sa.jpg'),
(1003631, 'IK Multimedia - iRig MIDI 2 Audio Interface - Blac', 'HardGood', '100', '0', 'IK MULTIMEDIA iRig MIDI 2 Audio Interface: Compatible with Mac, PC and select iOS devices; MIDI input, output and thru jacks; USB and Lightning interface', 'IK Multimedia', 'http://img.bbystatic.com/BestBuy_US/images/products/1003/1003631_rc.jpg'),
(1003641, 'M. Night Shyamalan: The Last Airbender - Nintendo ', 'Game', '20', '4', 'Harness the power of Air and Fire as you join a quest for honor and power', 'THQ', 'http://img.bbystatic.com/BestBuy_US/images/products/1003/1003641_500x500_sa.jpg'),
(1003659, 'M-Audio - Keystation Mini 32 II 32-Key USB MIDI Ke', 'HardGood', '100', '0', 'M-AUDIO Keystation Mini 32 II 32-Key USB MIDI Keyboard Controller: Ignite and Ableton Live Lite software; USB MIDI connectivity; pitch-bend, modulation and octave controls; 32 velocity-sensitive synth-action keys', 'M-Audio', 'http://img.bbystatic.com/BestBuy_US/images/products/1003/1003659_sa.jpg'),
(1003668, 'Aquarius - The Beatles Street 1,000-Piece Jigsaw P', 'HardGood', '16', '6', 'AQUARIUS The Beatles Street 1,000-Piece Jigsaw Puzzle: 1,000 pieces; features an image of The Beatles walking down the street; measures 20\" x 27\" when completed', 'Aquarius', 'http://img.bbystatic.com/BestBuy_US/images/products/1003/1003668_sa.jpg'),
(1004002, 'Canon - EOS Rebel T5 DSLR Camera with 18-55mm and ', 'HardGood', '750', '0', '18.0-megapixel APS-C CMOS sensorISO 100-6400, expandable to 12,800Shooting speeds up to 3 fpsFull high-definition movie mode', 'Canon', 'http://img.bbystatic.com/BestBuy_US/images/products/1004/1004002_sa.jpg'),
(1004622, 'Sniper: Ghost Warrior - Xbox 360', 'Game', '20', '4', 'Control the power of death as you ghost through the jungle', 'City Interactive', 'http://img.bbystatic.com/BestBuy_US/images/products/1004/1004622_sa.jpg'),
(1004668, 'GoPro - Camera Roll Bar Mount - Black', 'HardGood', '30', '5', 'Compatible with most GoPro cameras; clamps to tubes or frames ranging from 1.4-2.5\" in diameter; pivoting orientation arms', 'GoPro', 'http://img.bbystatic.com/BestBuy_US/images/products/1004/1004668_rc.jpg'),
(1004695, 'GoPro - Camera Mount Accessory Kit - Black', 'HardGood', '20', '5', 'Compatible with most GoPro cameras; includes a variety of camera mounting accessories', 'GoPro', 'http://img.bbystatic.com/BestBuy_US/images/products/1004/1004695_rc.jpg'),
(1004804, 'GoPro - Chest Mount Harness - Black', 'HardGood', '40', '0', 'Compatible with most GoPro cameras; one-size-fits-all adjustability', 'GoPro', 'http://img.bbystatic.com/BestBuy_US/images/products/1004/1004804_rc.jpg'),
(1004831, 'GoPro - Ride HERO Handlebar Seatpost Mount - Black', 'HardGood', '20', '5', 'Compatible with most GoPro cameras; clamps on tubes 3/4\" - 1-1/2\" in diameter; pivoting orientation arms with 3-way adjustability', 'GoPro', 'http://img.bbystatic.com/BestBuy_US/images/products/1004/1004831_rc.jpg'),
(1005118, 'American DJ - Dura Clamp', 'HardGood', '10', '5', 'From our expanded online assortment; designed for use with the Dura Truss system; supports lighting fixtures up to 20 lbs.; fits 1/2\" truss rods', 'American DJ', 'http://img.bbystatic.com/BestBuy_US/images/products/1005/1005118_sa.jpg'),
(1005181, 'American DJ - 20\" Glass Mirror Ball', 'HardGood', '90', '0', 'Compatible with M-101 and M-103 mirror ball motors; glass material', 'American DJ', 'http://img.bbystatic.com/BestBuy_US/images/products/1005/1005181_sa.jpg'),
(1005215, 'American DJ - Elation 4-Channel Chase Controller -', 'HardGood', '60', '0', 'From our expanded online assortment; instant sound-to-light chase; timed, audio and chase modes; built-in microphone', 'American DJ', 'http://img.bbystatic.com/BestBuy_US/images/products/1005/1005215_sa.jpg'),
(1005288, 'American DJ - Color Gel Filter (4-Pack)', 'HardGood', '13', '5', 'Designed for use with most Par-56 can gel frames; red, blue, yellow and green gel filters', 'American DJ', 'http://img.bbystatic.com/BestBuy_US/images/products/1005/1005288_sa.jpg'),
(1005297, 'American DJ - Crystal Bright Accent Strip CW LED S', 'HardGood', '40', '0', 'From our expanded online assortment; 4 self-adhesive strips; cool white LEDs; AC adapter', 'American DJ', 'http://img.bbystatic.com/BestBuy_US/images/products/1005/1005297_sa.jpg'),
(1005358, 'American DJ - DMX Dimmer Pack', 'HardGood', '200', '0', 'From our expanded online assortment; digital display; LED indicators; 16 built-in chases; reversible mounting brackets', 'American DJ', 'http://img.bbystatic.com/BestBuy_US/images/products/1005/1005358_sa.jpg'),
(1005409, 'American DJ - 16\" Glass Mirror Ball', 'HardGood', '55', '0', 'From our expanded online assortment; compatible with M-101 and M-103 mirror ball motors; glass material', 'American DJ', 'http://img.bbystatic.com/BestBuy_US/images/products/1005/1005409_sa.jpg'),
(1005454, 'American DJ - Bubble Blast Bubble Machine', 'HardGood', '300', '0', 'Compatible with most types of bubble liquid; dual-fan lift system; drainage valve system; top-load filling container; remote; on/off switch; wheels and dual handles', 'American DJ', 'http://img.bbystatic.com/BestBuy_US/images/products/1005/1005454_rc.jpg'),
(1005515, 'American DJ - 12\" Glass Mirror Ball', 'HardGood', '26', '8', 'From our expanded online assortment; glass material; portable', 'American DJ', 'http://img.bbystatic.com/BestBuy_US/images/products/1005/1005515_sa.jpg'),
(1005542, 'American DJ - Par 46 Can Kit - Black', 'HardGood', '45', '0', 'From our expanded online assortment; 200W lamp; 4 color gel filters; clamp; safety cable', 'American DJ', 'http://img.bbystatic.com/BestBuy_US/images/products/1005/1005542_sa.jpg'),
(1005667, 'American DJ - Elation Stage Pack', 'HardGood', '500', '0', 'From our expanded online assortment; 16-channel DMX controller; 2 XLR cables; two 4-channel dimmers', 'American DJ', 'http://img.bbystatic.com/BestBuy_US/images/products/1005/1005667_sa.jpg'),
(1005694, 'American DJ - DMX Mirror Ball Motor', 'HardGood', '130', '0', 'From our expanded online assortment; designed for use with most mirror balls up to 20\"; 2 DMX channels; circuit breaker protection', 'American DJ', 'http://img.bbystatic.com/BestBuy_US/images/products/1005/1005694_rc.jpg'),
(1005758, 'American DJ - Dekker LED Effects Light - Black', 'HardGood', '170', '0', 'From our expanded online assortment; colored beams and 40 lenses; 3-button DMX LED menu; strobe effect; hanging bracket', 'American DJ', 'http://img.bbystatic.com/BestBuy_US/images/products/1005/1005758_sa.jpg'),
(1005794, 'American DJ - Par 56 Can Kit - Black', 'HardGood', '50', '0', 'From our expanded online assortment; 300W lamp; 4 color gel filters; clamp; safety cable', 'American DJ', 'http://img.bbystatic.com/BestBuy_US/images/products/1005/1005794_sa.jpg'),
(1005803, 'American DJ - Stage Tape - Black', 'HardGood', '16', '6', 'From our expanded online assortment; ideal for a variety of DJ applications; 2\" wide; no heavy residue', 'American DJ', 'http://img.bbystatic.com/BestBuy_US/images/products/1005/1005803_sa.jpg'),
(1005894, 'American DJ - 3 RPM Mirror Ball Motor', 'HardGood', '15', '5', 'From our expanded online assortment; AC motor; 3 rpm; holds mirror balls up to 12\"', 'American DJ', 'http://img.bbystatic.com/BestBuy_US/images/products/1005/1005894_sa.jpg'),
(1005903, 'American DJ - LED Color Panel - Black', 'HardGood', '200', '0', 'From our expanded online assortment; 288 LEDs; 7 DMX channel modes; 4 operational modes; strobe and dimming effects', 'American DJ', 'http://img.bbystatic.com/BestBuy_US/images/pac/products/1306/1306786803/1306786803_sa.jpg'),
(1005912, 'American DJ - 1 RPM Mirror Ball Motor', 'HardGood', '15', '5', 'From our expanded online assortment; AC motor; 1 rpm; holds mirror balls up to 16\"', 'American DJ', 'http://img.bbystatic.com/BestBuy_US/images/products/1005/1005912_sa.jpg'),
(1005985, 'American DJ - Chase Controller Pack', 'HardGood', '100', '0', 'From our expanded online assortment; designed to chase LED and halogen par cans; 20 built-in programs; 7 preset scenes', 'American DJ', 'http://img.bbystatic.com/BestBuy_US/images/products/1005/1005985_rc.jpg'),
(1006029, 'American DJ - Par Can Kit - Black', 'HardGood', '55', '0', 'From our expanded online assortment; ideal for theaters, mobile entertainment and bands; 4 color gel filters; safety cable', 'American DJ', 'http://img.bbystatic.com/BestBuy_US/images/products/1006/1006029_sa.jpg'),
(1006038, 'American DJ - 8-Channel Switch Center', 'HardGood', '100', '0', 'From our expanded online assortment; built-in power supply; 8 channels', 'American DJ', 'http://img.bbystatic.com/BestBuy_US/images/products/1006/1006038_sa.jpg'),
(1006046, 'VocoPro - TabletOke Digital Karaoke Mixer - Black/', 'HardGood', '150', '0', 'VOCOPRO TabletOke Digital Karaoke Mixer: Built-in Bluetooth music receiver; compatible with select smartphones, tablets and laptops with a 3.5mm (1/8\") jack; connects to karaoke player for CDG or DVD disc playback', 'VocoPro', 'http://img.bbystatic.com/BestBuy_US/images/products/1006/1006046_sa.jpg'),
(1006065, 'American DJ - 1 Gal. Bubble Juice', 'HardGood', '20', '10', 'From our expanded online assortment; designed for use in bubble machines; colorless; 1 gal.', 'American DJ', 'http://img.bbystatic.com/BestBuy_US/images/products/1006/1006065_sa.jpg');

-- --------------------------------------------------------

--
-- Table structure for table `prod_catg`
--

CREATE TABLE `prod_catg` (
  `ref` int(255) NOT NULL,
  `id_cat` varchar(100) NOT NULL
) ENGINE=InnoDB DEFAULT CHARSET=latin1;

--
-- Dumping data for table `prod_catg`
--

INSERT INTO `prod_catg` (`ref`, `id_cat`) VALUES
(43900, 'abcat0208002'),
(48530, 'abcat0208002'),
(127687, 'abcat0208002'),
(150115, 'abcat0208002'),
(185230, 'abcat0208002'),
(185267, 'abcat0208002'),
(312290, 'abcat0208002'),
(324884, 'pcmcat113100050015'),
(333179, 'abcat0208006'),
(346575, 'pcmcat165900050033'),
(346646, 'pcmcat165900050033'),
(347333, 'pcmcat165900050032'),
(349572, 'pcmcat298100050010'),
(373642, 'abcat0811012'),
(478398, 'pcmcat165900050033'),
(612732, 'pcmcat165900050033'),
(643600, 'pcmcat165900050034'),
(643691, 'pcmcat165900050034'),
(673890, 'pcmcat165900050033'),
(1002651, 'abcat0302037'),
(1003003, 'pcmcat152100050026'),
(1003012, 'pcmcat313400050000'),
(1003021, 'pcmcat151600050042'),
(1003049, 'pcmcat287400050019'),
(1003067, 'pcmcat152100050026'),
(1003076, 'pcmcat152200050009'),
(1003085, 'pcmcat287400050019'),
(1003136, 'pcmcat152100050026'),
(1003145, 'pcmcat157700050041'),
(1003163, 'pcmcat152100050026'),
(1003172, 'pcmcat152100050022'),
(1003214, 'pcmcat152100050022'),
(1003232, 'pcmcat287400050019'),
(1003269, 'pcmcat152100050026'),
(1003278, 'pcmcat152100050026'),
(1003287, 'pcmcat151600050039'),
(1003296, 'pcmcat152100050038'),
(1003319, 'pcmcat152100050033'),
(1003328, 'pcmcat251600050005'),
(1003337, 'pcmcat221400050014'),
(1003346, 'pcmcat152100050026'),
(1003364, 'pcmcat251600050005'),
(1003373, 'pcmcat152100050026'),
(1003415, 'pcmcat287400050019'),
(1003424, 'pcmcat313400050000'),
(1003433, 'pcmcat152100050026'),
(1003451, 'pcmcat313400050000'),
(1003488, 'pcmcat152100050031'),
(1003531, 'pcmcat313400050000'),
(1003622, 'pcmcat274200050009'),
(1003631, 'pcmcat152100050022'),
(1003641, 'abcat0706002'),
(1003659, 'pcmcat151600050039'),
(1003668, 'pcmcat274200050009'),
(1004002, 'pcmcat180400050000'),
(1004622, 'abcat0701002'),
(1004668, 'pcmcat240500050057'),
(1004695, 'pcmcat329700050020'),
(1004804, 'pcmcat329700050017'),
(1004831, 'pcmcat329700050020'),
(1005118, 'pcmcat251600050005'),
(1005181, 'pcmcat152100050032'),
(1005215, 'pcmcat152100050032'),
(1005288, 'pcmcat152100050032'),
(1005297, 'pcmcat152100050032'),
(1005358, 'pcmcat152100050032'),
(1005409, 'pcmcat152100050032'),
(1005454, 'pcmcat152100050032'),
(1005515, 'pcmcat152100050032'),
(1005542, 'pcmcat152100050032'),
(1005667, 'pcmcat152100050032'),
(1005694, 'pcmcat152100050032'),
(1005758, 'pcmcat152100050032'),
(1005794, 'pcmcat152100050032'),
(1005803, 'pcmcat152100050033'),
(1005894, 'pcmcat152100050032'),
(1005903, 'pcmcat152100050032'),
(1005912, 'pcmcat152100050032'),
(1005985, 'pcmcat152100050032'),
(1006029, 'pcmcat152100050032'),
(1006038, 'pcmcat152100050033'),
(1006046, 'pcmcat251600050000'),
(1006065, 'pcmcat152100050032');

--
-- Indexes for dumped tables
--

--
-- Indexes for table `category`
--
ALTER TABLE `category`
  ADD PRIMARY KEY (`id_ctg`);

--
-- Indexes for table `client`
--
ALTER TABLE `client`
  ADD UNIQUE KEY `pseudo` (`pseudo`);

--
-- Indexes for table `products`
--
ALTER TABLE `products`
  ADD PRIMARY KEY (`ref`);

--
-- Indexes for table `prod_catg`
--
ALTER TABLE `prod_catg`
  ADD KEY `fk_pro_cat` (`id_cat`),
  ADD KEY `fk_produit_category` (`ref`);

--
-- Constraints for dumped tables
--

--
-- Constraints for table `prod_catg`
--
ALTER TABLE `prod_catg`
  ADD CONSTRAINT `fk_pro_cat` FOREIGN KEY (`id_cat`) REFERENCES `category` (`id_ctg`),
  ADD CONSTRAINT `fk_produit_category` FOREIGN KEY (`ref`) REFERENCES `products` (`ref`);
COMMIT;

/*!40101 SET CHARACTER_SET_CLIENT=@OLD_CHARACTER_SET_CLIENT */;
/*!40101 SET CHARACTER_SET_RESULTS=@OLD_CHARACTER_SET_RESULTS */;
/*!40101 SET COLLATION_CONNECTION=@OLD_COLLATION_CONNECTION */;
